id,first_name,last_name,email,account_type,country,password
1,Quynn,Sims,ipsum@idantedictum.net,ADMIN,Chile,BFO47BCU0DO
2,Eliana,Mckinney,massa@Duis.co.uk,NORMAL,Saint Kitts and Nevis,RIP60XFY0KC
3,Judah,Knapp,pellentesque@erosNamconsequat.co.uk,NORMAL,Botswana,LBM14BNP5JJ
4,Quin,Bryant,ullamcorper.Duis@Etiamgravida.org,ADMIN,Sint Maarten,MYQ54BBJ5EJ
5,Daria,Knowles,Curabitur.vel.lectus@egestasnuncsed.net,NORMAL,Burkina Faso,IMB90GTB4QI
6,Molly,Ramirez,accumsan.sed@penatibuset.org,NORMAL,Turkmenistan,VJH94PDC6LS
7,Maxwell,Hester,a.malesuada.id@nisimagnased.ca,NORMAL,Maldives,IPZ63RMA0OU
8,Zorita,Conley,odio@laoreetipsumCurabitur.net,NORMAL,Nauru,MOZ76WRW5NU
9,Patricia,Benton,Nullam@enimcommodohendrerit.edu,ADMIN,Morocco,OPY59ATO2XM
10,Julie,Reeves,In@sitamet.org,NORMAL,Guernsey,PUI07SMU5HV
11,Audra,Mckay,rhoncus.Proin.nisl@tristiqueac.com,MODERATOR,Sint Maarten,ETH68AVA3YX
12,Wilma,Sargent,urna.justo@Donectincidunt.org,MODERATOR,Israel,KEH40CZJ5CF
13,Cain,Ray,penatibus.et@in.edu,MODERATOR,Burkina Faso,PKY77UJY6ZD
14,Sarah,Christian,eu.turpis@ultricesposuere.co.uk,MODERATOR,India,YWP31MST8YN
15,Wayne,Mcbride,eu@ridiculus.net,MODERATOR,Guernsey,ZKH34MHX2FV
16,Illiana,Lott,vulputate.dui@vehicularisusNulla.net,MODERATOR,Aruba,HXP39NIP3ES
17,Brittany,Holland,mattis@anunc.com,MODERATOR,Nigeria,UGU64OTT9YD
18,Armand,Dale,urna.Nullam.lobortis@auctorquistristique.edu,MODERATOR,Congo (Brazzaville),MSN26MEK4KT
19,Mercedes,Odonnell,lobortis.quam.a@Integeridmagna.co.uk,MODERATOR,Myanmar,SBK81UTQ5CB
20,Carla,Witt,mi.pede.nonummy@ac.co.uk,MODERATOR,Guatemala,PEM27JDD5YM
21,Kylee,Herring,facilisis.non.bibendum@habitant.ca,NORMAL,Tonga,AAJ36VVO3OT
22,Adam,Perkins,Donec.nibh.enim@netusetmalesuada.ca,NORMAL,Panama,RBP50OEQ6MX
23,Gail,Cook,Nullam@dolor.org,NORMAL,Switzerland,ORY97SRW7HR
24,Briar,Levine,Vivamus@risus.edu,NORMAL,France,HXH78XWW4UZ
25,Marshall,Leach,torquent.per@et.edu,NORMAL,Central African Republic,SQL07DPL6CK
26,Kane,English,sit.amet@acrisusMorbi.com,NORMAL,Suriname,RKD99PCJ3YV
27,Gabriel,Figueroa,Vivamus.nisi.Mauris@Suspendissecommodotincidunt.ca,NORMAL,Spain,CBX62ISP9OT
28,Katell,Brock,dui@nascetur.edu,NORMAL,Central African Republic,KLQ86OPA4CG
29,Ina,Norman,ut.ipsum@Vestibulum.co.uk,NORMAL,Togo,YHD33YQD0XG
30,Aretha,Espinoza,conubia.nostra.per@sem.ca,NORMAL,Ecuador,AFI97EJG1IG
31,Lesley,Hudson,Integer@velquam.net,ADMIN,Morocco,VMJ80QPI8XW
32,Vivian,Peterson,sit@eu.org,NORMAL,Serbia,WTH54PRV9UZ
33,Paloma,Long,ut.eros.non@nonummy.org,NORMAL,Hungary,REE43ZRO6CP
34,Rhiannon,Woodard,lacus.Quisque@eratsemper.ca,NORMAL,Haiti,HEP35SYQ6FV
35,Amethyst,Noble,dignissim.lacus@quamquisdiam.com,NORMAL,Switzerland,TCX78JSE5OV
36,Katell,Ball,sagittis@fringillaornare.co.uk,NORMAL,Belize,PIS41QRC4LE
37,Rosalyn,Watson,id.ante@torquentperconubia.com,NORMAL,Burkina Faso,KFN40POG1AB
38,Austin,Christian,tristique@semmollis.co.uk,NORMAL,Zimbabwe,RHB03KVX7KX
39,Caleb,Dunlap,in@dictum.edu,NORMAL,American Samoa,VEU34VCV1KC
40,Dean,Casey,nisl@nunc.org,NORMAL,Holy See (Vatican City State),UCX10IEI3SI
41,Lucius,Dillon,et.malesuada@nisi.ca,NORMAL,Saint Barth√©lemy,XHW88CME5HS
42,Ezekiel,Church,enim.nisl@magnaSuspendissetristique.net,NORMAL,Canada,OHH81JNR8IX
43,Emerald,Morrow,lacinia.orci@egetipsum.net,NORMAL,Montenegro,TCB98LLV5HO
44,Maya,Mccarty,nisi@est.ca,NORMAL,Cameroon,DLO72PQK7GF
45,Winifred,Nelson,penatibus.et@aliquamarcu.com,NORMAL,Niger,CIA28OIG2DL
46,Hollee,Cain,semper.dui.lectus@ipsumsodales.edu,NORMAL,Ethiopia,RRJ21TXB9XS
47,Tanek,Gilbert,consequat@convallisconvallisdolor.net,NORMAL,Bhutan,JRE03OQN1RM
48,David,Vazquez,nibh@Nullam.com,NORMAL,Slovenia,DSX32GGF4ZI
49,Ora,Justice,consequat.enim@nulla.com,NORMAL,Isle of Man,CVP35QXL2IB
50,Ingrid,Meyers,Class.aptent@enim.edu,NORMAL,Canada,TOJ20HOL4TP
51,Myra,Arnold,nec.mollis.vitae@maurisrhoncusid.co.uk,NORMAL,Belgium,FQL04CKB2WO
52,Talon,Carroll,massa@sedsapienNunc.ca,NORMAL,Kazakhstan,NML83DIE7BW
53,Perry,Dyer,elit.dictum@arcu.net,NORMAL,Zambia,YKX93LPL9FR
54,Daryl,Gaines,eget@Quisquevarius.net,NORMAL,Heard Island and Mcdonald Islands,TQC52ZSZ0CI
55,Travis,Mccoy,tempus.risus@orcilobortis.net,NORMAL,Nauru,ROH21DJM0AC
56,Mannix,Marshall,enim.mi.tempor@convallisin.com,NORMAL,Ukraine,IHA38BAV8CR
57,Kevin,Harper,Aliquam.gravida@fringillacursuspurus.ca,NORMAL,Pitcairn Islands,FYI70LAU2AC
58,Rachel,Mullen,nisl.Quisque@tellus.co.uk,NORMAL,Rwanda,WGB87KTF7YE
59,Brittany,Cabrera,sollicitudin.adipiscing.ligula@metusvitae.edu,NORMAL,Iraq,KSH00IVW8RZ
60,Desiree,Henson,fringilla.ornare@rutrum.com,NORMAL,Argentina,XCA04FGG1GE
61,Rhea,Mooney,ultricies@sitametlorem.ca,NORMAL,Kenya,OVE17BKH9VW
62,Priscilla,Hester,placerat.augue@nuncsitamet.edu,NORMAL,Mali,ARJ35ZQH7NY
63,Rigel,Nielsen,ultricies@velit.co.uk,NORMAL,Belarus,NSU34QXO2MG
64,Harding,Goodwin,sit@enimEtiam.com,NORMAL,Morocco,YSF44WLO7VK
65,Berk,Myers,mauris.rhoncus.id@odiosagittis.edu,NORMAL,Benin,NLN22WGI2DM
66,Drake,Stafford,metus@vitae.co.uk,NORMAL,Vanuatu,TLF48INC0GV
67,Dalton,Osborne,fermentum@penatibusetmagnis.net,NORMAL,Antarctica,JNS84STS6FK
68,Kenyon,Brooks,Morbi.metus@diam.ca,NORMAL,Tokelau,IYO11MFC8PD
69,Carson,Sweet,dapibus.quam.quis@ametanteVivamus.edu,NORMAL,Germany,BQN58WNQ7DN
70,Herman,Rodgers,felis@lectusquismassa.co.uk,NORMAL,United States,WRE30VSL5WW
71,Adara,Dyer,ornare@Fuscedolor.co.uk,NORMAL,Tokelau,IHH38VDK5HE
72,Beau,Snyder,sit.amet.luctus@necanteblandit.com,NORMAL,Zimbabwe,HWE23PHF1ZG
73,Upton,Sexton,Integer@pede.org,NORMAL,Maldives,UZQ10JPT1DO
74,Azalia,Callahan,justo.Praesent@vel.ca,NORMAL,Ghana,HSK08TAO1XK
75,Tamekah,Hale,vitae.erat@adipiscingelit.org,NORMAL,Mongolia,EVZ60UYU8GL
76,Rhiannon,Norman,Donec.porttitor@orcilobortis.org,NORMAL,Saint Pierre and Miquelon,YZV69FAF6MJ
77,Indira,Bradley,ultrices.posuere@utmolestie.com,NORMAL,Portugal,QUC65ZDT4AR
78,Jane,Goodwin,risus.Duis@auctor.ca,NORMAL,Qatar,LEB04JHB1PZ
79,Sebastian,Heath,neque@nuncnulla.co.uk,NORMAL,Bahrain,EFS57RXS8JE
80,Elmo,Solis,tincidunt.vehicula.risus@Praesenteudui.edu,MODERATOR,Mozambique,YVO98HDE7XP
81,Shellie,Franks,Cras.pellentesque@montes.co.uk,NORMAL,Burundi,MEZ61JUJ4MA
82,Colorado,Daniel,mollis@euodio.edu,NORMAL,Azerbaijan,ONM89WJS1GD
83,Marvin,Banks,eget.odio@felisegetvarius.org,NORMAL,Nepal,QZF96MNU3OM
84,Timon,Summers,eu.turpis.Nulla@fringillaporttitor.ca,NORMAL,Brunei,BVD51ZKP5NB
85,Warren,Roberson,orci.Ut.semper@euenimEtiam.com,NORMAL,Grenada,XJN22PGK5HX
86,Barrett,Pena,dui.augue@quamdignissimpharetra.org,NORMAL,Uruguay,QDI21LMU3GK
87,Jakeem,Guerra,aliquet@nibhQuisque.org,NORMAL,Bulgaria,CZU44NWA0LI
88,Malachi,Delaney,pharetra@Praesentinterdum.com,NORMAL,Ireland,YSF05BNT0LI
89,Chase,Christensen,Pellentesque.ultricies.dignissim@pretiumnequeMorbi.com,NORMAL,Antigua and Barbuda,IDF64RDD2TH
90,Olivia,Hunt,non.leo@orci.org,NORMAL,Switzerland,NFL73HFL2YX
91,Giacomo,Mccullough,amet.consectetuer@velitAliquam.co.uk,NORMAL,Mexico,GNS76JNI8RE
92,Aaron,Ramirez,odio.Nam@necante.net,NORMAL,Nigeria,XTV39UIL7GG
93,Omar,Wilcox,Duis@euismodetcommodo.org,NORMAL,Puerto Rico,GSB65QDG0ID
94,Jael,Richmond,pharetra.Quisque.ac@eget.ca,NORMAL,Malaysia,QLW92LHB6RS
95,Talon,Sykes,molestie.tellus.Aenean@interdumSedauctor.ca,NORMAL,Equatorial Guinea,MYT39ORY0UF
96,Myra,Austin,adipiscing@NulladignissimMaecenas.net,NORMAL,Dominican Republic,ITD27PMB9OZ
97,Gary,Sweeney,egestas.hendrerit@consectetuer.com,NORMAL,Moldova,BUJ87GDP8BL
98,Natalie,Mathis,et.magnis@iaculisodioNam.org,NORMAL,Norfolk Island,EVY86PKL7NA
99,Adele,Allen,augue@sed.com,NORMAL,Maldives,WNI81CCA5FZ
100,Mara,Dickson,ante.Nunc.mauris@ametconsectetueradipiscing.co.uk,NORMAL,Spain,CUK31LGI2TM